Item Name,Category,Quantity,Net Amount
Masala Dosa,Dosa,1840,165600
Idli Vada,Breakfast,1620,97200
Filter Coffee,Beverages,3150,94500
Mini Meals,Meals,980,147000
Set Dosa,Dosa,760,60800
Rava Idli,Breakfast,690,48300
Bisi Bele Bath,Rice,610,54900
Khara Bath,Breakfast,540,32400
Kesari Bath,Sweets,520,26000
Ghee Pongal,Breakfast,470,32900
Curd Rice,Rice,450,31500
Onion Uttappam,Dosa,410,36900
Neer Dosa,Dosa,180,16200
Akki Rotti,Breakfast,150,12000
Mangalore Buns,Breakfast,140,9800
Ragi Mudde Meal,Meals,95,11400
Gobi Manchurian,Chinese,330,39600
Veg Fried Rice,Chinese,290,40600
Paneer Butter Masala,North Indian,210,46200
Chole Bhature,North Indian,190,32300
Veg Biryani,Rice,240,38400
Badam Milk,Beverages,380,22800
Fresh Lime Soda,Beverages,260,13000
Mysore Pak,Sweets,170,8500
Gulab Jamun,Sweets,230,11500
